{"cameraMode":{"drawMode":0,"name":"Shaded","section":"Shading Mode"},"sceneLighting":true,"audioPlay":false,"sceneViewState":{"showFog":true,"showMaterialUpdate":false,"showSkybox":true,"showFlares":true,"showImageEffects":true,"showParticleSystems":true},"in2DMode":false,"pivot":{"x":4.351658344268799,"y":6.988078594207764,"z":-0.2079443335533142},"rotation":{"x":0.6453758478164673,"y":0.03319201245903969,"z":-0.028087014332413675,"w":0.7626267075538635},"size":2.8578848838806154,"orthographic":false}